repo_full,week,ci_duration_med_min,ci_failure_rate,ci_runs
docker/cli,2024-11-25,576238.35,0.06372549019607843,204
prometheus/prometheus,2024-11-25,576200.9666666667,0.08713692946058091,241
tektoncd/pipeline,2024-11-25,576860.775,0.08333333333333333,12
tektoncd/pipeline,2024-12-02,577043.7833333334,0.145,200
docker/cli,2024-12-02,576366.7416666667,0.0756578947368421,304
prometheus/prometheus,2024-12-02,576737.025,0.18716577540106952,374
tektoncd/pipeline,2024-12-09,576528.6833333333,0.05714285714285714,175
prometheus/prometheus,2024-12-09,577510.9416666667,0.2470414201183432,676
docker/cli,2024-12-09,576634.5166666667,0.050980392156862744,255
tektoncd/pipeline,2024-12-16,576616.8166666667,0.08163265306122448,196
prometheus/prometheus,2024-12-16,576912.3166666667,0.1702127659574468,329
docker/cli,2024-12-16,576433.6666666667,0.12773722627737227,274
tektoncd/pipeline,2024-12-23,0.75,0.07317073170731707,41
docker/cli,2024-12-23,1.925,0.06896551724137931,116
prometheus/prometheus,2024-12-23,2.4,0.14678899082568808,109
tektoncd/pipeline,2024-12-30,0.36666666666666664,0.02962962962962963,135
docker/cli,2024-12-30,1.85,0.11299435028248588,177
prometheus/prometheus,2024-12-30,13.975,0.22093023255813954,430
prometheus/prometheus,2025-01-06,1.6666666666666667,0.19081272084805653,283
tektoncd/pipeline,2025-01-06,0.3,0.06451612903225806,155
docker/cli,2025-01-06,1.95,0.14285714285714285,203
tektoncd/pipeline,2025-01-13,1.5333333333333334,0.0427807486631016,561
docker/cli,2025-01-13,1.9583333333333333,0.15326633165829145,398
prometheus/prometheus,2025-01-13,15.483333333333334,0.13754045307443366,618
prometheus/prometheus,2025-01-20,3.208333333333333,0.12658227848101267,158
docker/cli,2025-01-20,1.9333333333333333,0.09144542772861357,339
tektoncd/pipeline,2025-01-20,0.55,0.02100840336134454,476
docker/cli,2025-01-27,1.8666666666666667,0.15517241379310345,232
prometheus/prometheus,2025-01-27,18.116666666666667,0.14620689655172414,725
tektoncd/pipeline,2025-01-27,0.5833333333333334,0.06521739130434782,506
prometheus/prometheus,2025-02-03,13.733333333333333,0.19314641744548286,321
docker/cli,2025-02-03,1.9666666666666666,0.12474437627811862,489
tektoncd/pipeline,2025-02-03,0.4,0.036619718309859155,355
docker/cli,2025-02-10,1.9333333333333333,0.12653061224489795,245
prometheus/prometheus,2025-02-10,1.65,0.20750551876379691,453
tektoncd/pipeline,2025-02-10,0.8166666666666667,0.1337579617834395,157
tektoncd/pipeline,2025-02-17,0.75,0.06914893617021277,564
docker/cli,2025-02-17,1.9166666666666667,0.2276595744680851,470
prometheus/prometheus,2025-02-17,0.95,0.15748031496062992,254
tektoncd/pipeline,2025-02-24,0.5666666666666667,0.08135593220338982,295
docker/cli,2025-02-24,1.8333333333333333,0.056291390728476824,302
prometheus/prometheus,2025-02-24,16.6,0.14150943396226415,530
prometheus/prometheus,2025-03-03,17.083333333333336,0.2882882882882883,666
tektoncd/pipeline,2025-03-03,0.5166666666666667,0.08798283261802575,466
docker/cli,2025-03-03,1.9333333333333333,0.20748829953198128,641
tektoncd/pipeline,2025-03-10,0.3333333333333333,0.06779661016949153,354
prometheus/prometheus,2025-03-10,0.9166666666666666,0.21726190476190477,336
docker/cli,2025-03-10,2.158333333333333,0.17857142857142858,364
tektoncd/pipeline,2025-03-17,0.5416666666666667,0.09259259259259259,216
prometheus/prometheus,2025-03-17,23.96666666666667,0.08633093525179857,556
docker/cli,2025-03-17,2.1166666666666667,0.16569200779727095,513
tektoncd/pipeline,2025-03-24,0.5,0.1002710027100271,369
prometheus/prometheus,2025-03-24,0.9833333333333333,0.17276422764227642,492
docker/cli,2025-03-24,2.05,0.09737827715355805,267
prometheus/prometheus,2025-03-31,1.0666666666666667,0.18448637316561844,477
docker/cli,2025-03-31,1.9666666666666666,0.10850439882697947,341
tektoncd/pipeline,2025-03-31,0.42500000000000004,0.046511627906976744,172
prometheus/prometheus,2025-04-07,0.9333333333333333,0.15789473684210525,228
tektoncd/pipeline,2025-04-07,0.55,0.07142857142857142,210
docker/cli,2025-04-07,2.0583333333333336,0.17346938775510204,490
prometheus/prometheus,2025-04-14,1.375,0.09502262443438914,442
tektoncd/pipeline,2025-04-14,0.5666666666666667,0.08900523560209424,191
docker/cli,2025-04-14,1.9416666666666667,0.1507537688442211,398
docker/cli,2025-04-21,1.9166666666666667,0.1148936170212766,235
prometheus/prometheus,2025-04-21,2.75,0.12026726057906459,449
tektoncd/pipeline,2025-04-21,0.5166666666666667,0.0859375,256
prometheus/prometheus,2025-04-28,1.0333333333333334,0.1468682505399568,463
docker/cli,2025-04-28,1.9166666666666667,0.22807017543859648,57
tektoncd/pipeline,2025-04-28,0.7833333333333333,0.05426356589147287,258
prometheus/prometheus,2025-05-05,0.9333333333333333,0.10666666666666667,300
docker/cli,2025-05-05,1.9416666666666667,0.1,100
tektoncd/pipeline,2025-05-05,0.6,0.07116104868913857,267
prometheus/prometheus,2025-05-12,1.0,0.12213740458015267,262
tektoncd/pipeline,2025-05-12,0.3916666666666667,0.05,380
docker/cli,2025-05-12,2.1,0.16400911161731208,439
tektoncd/pipeline,2025-05-19,0.5416666666666667,0.0273972602739726,292
docker/cli,2025-05-19,2.1166666666666667,0.16056338028169015,355
prometheus/prometheus,2025-05-19,1.0,0.08860759493670886,237
docker/cli,2025-05-26,1.9833333333333334,0.15614617940199335,301
tektoncd/pipeline,2025-05-26,0.65,0.024793388429752067,121
prometheus/prometheus,2025-05-26,5.616666666666667,0.0798611111111111,288
tektoncd/pipeline,2025-06-02,0.4,0.0502092050209205,239
docker/cli,2025-06-02,2.0166666666666666,0.09803921568627451,51
prometheus/prometheus,2025-06-02,1.1166666666666667,0.13846153846153847,325
tektoncd/pipeline,2025-06-09,0.5,0.030985915492957747,355
docker/cli,2025-06-09,1.9333333333333333,0.1875,176
prometheus/prometheus,2025-06-09,0.9333333333333333,0.11409395973154363,298
prometheus/prometheus,2025-06-16,0.9166666666666666,0.0748792270531401,414
docker/cli,2025-06-16,1.925,0.17901234567901234,162
tektoncd/pipeline,2025-06-16,0.5,0.012738853503184714,157
docker/cli,2025-06-23,1.9333333333333333,0.175,80
prometheus/prometheus,2025-06-23,0.95,0.14741035856573706,502
tektoncd/pipeline,2025-06-23,0.45,0.05357142857142857,112
tektoncd/pipeline,2025-06-30,0.30833333333333335,0.017045454545454544,176
prometheus/prometheus,2025-06-30,0.95,0.10699588477366255,486
docker/cli,2025-06-30,1.7833333333333334,0.23684210526315788,152
prometheus/prometheus,2025-07-07,0.9666666666666667,0.11954459203036052,527
tektoncd/pipeline,2025-07-07,0.31666666666666665,0.09623430962343096,239
docker/cli,2025-07-07,1.9,0.18181818181818182,297
docker/cli,2025-07-14,1.8333333333333333,0.2116564417177914,326
tektoncd/pipeline,2025-07-14,0.5333333333333333,0.09448818897637795,381
prometheus/prometheus,2025-07-14,0.9333333333333333,0.1276595744680851,235
docker/cli,2025-07-21,1.8833333333333333,0.2576419213973799,458
tektoncd/pipeline,2025-07-21,0.35,0.0967032967032967,455
prometheus/prometheus,2025-07-21,0.9166666666666666,0.1509433962264151,424
docker/cli,2025-07-28,1.8833333333333333,0.22648752399232247,521
prometheus/prometheus,2025-07-28,1.1333333333333333,0.18095238095238095,525
tektoncd/pipeline,2025-07-28,0.5333333333333333,0.12252252252252252,555
prometheus/prometheus,2025-08-04,1.0,0.17716535433070865,508
tektoncd/pipeline,2025-08-04,0.16666666666666666,0.047058823529411764,255
docker/cli,2025-08-04,1.9333333333333333,0.15428571428571428,350
tektoncd/pipeline,2025-08-11,1.7333333333333334,0.0764525993883792,327
docker/cli,2025-08-11,1.7833333333333334,0.15087719298245614,570
prometheus/prometheus,2025-08-11,0.8833333333333333,0.2655038759689923,516
docker/cli,2025-08-18,1.65,0.11764705882352941,68
tektoncd/pipeline,2025-08-18,0.3833333333333333,0.07389162561576355,406
prometheus/prometheus,2025-08-18,0.4,0.23921568627450981,510
tektoncd/pipeline,2025-08-25,0.48333333333333334,0.09359605911330049,203
docker/cli,2025-08-25,1.7666666666666666,0.14163090128755365,932
prometheus/prometheus,2025-08-25,0.6166666666666667,0.21179039301310043,458
docker/cli,2025-09-01,1.7833333333333334,0.17611026033690658,653
prometheus/prometheus,2025-09-01,0.85,0.22842639593908629,591
tektoncd/pipeline,2025-09-01,0.5166666666666667,0.11655011655011654,429
tektoncd/pipeline,2025-09-08,0.3,0.0625,192
docker/cli,2025-09-08,1.8166666666666667,0.1729106628242075,347
prometheus/prometheus,2025-09-08,0.85,0.21933962264150944,424
prometheus/prometheus,2025-09-15,0.38333333333333336,0.15384615384615385,429
tektoncd/pipeline,2025-09-15,0.5166666666666667,0.08695652173913043,138
prometheus/prometheus,2025-09-22,0.85,0.2,305
tektoncd/pipeline,2025-09-22,0.5333333333333333,0.07368421052631578,95
docker/cli,2025-09-22,1.7333333333333334,0.206,1000
tektoncd/pipeline,2025-09-29,0.5583333333333333,0.10204081632653061,294
docker/cli,2025-09-29,1.7833333333333334,0.1440443213296399,361
prometheus/prometheus,2025-09-29,0.3416666666666667,0.20526315789473684,190
prometheus/prometheus,2025-10-06,0.5,0.1381011097410604,811
tektoncd/pipeline,2025-10-06,0.9416666666666667,0.11592178770949721,716
docker/cli,2025-10-06,1.9,0.2676056338028169,639
prometheus/prometheus,2025-10-13,0.35,0.14603960396039603,404
tektoncd/pipeline,2025-10-13,0.5,0.10610079575596817,377
docker/cli,2025-10-13,1.7333333333333334,0.2145214521452145,303
tektoncd/pipeline,2025-10-20,0.9916666666666667,0.11577181208053691,596
docker/cli,2025-10-20,1.9333333333333333,0.2796610169491525,236
prometheus/prometheus,2025-10-20,0.55,0.10906040268456375,596
docker/cli,2025-10-27,2.033333333333333,0.29411764705882354,119
prometheus/prometheus,2025-10-27,13.7,0.294478527607362,163
tektoncd/pipeline,2025-10-27,1.2166666666666668,0.10818713450292397,684
prometheus/prometheus,2025-11-03,0.5166666666666667,0.1875746714456392,837
tektoncd/pipeline,2025-11-03,0.3333333333333333,0.12101910828025478,314
docker/cli,2025-11-03,1.85,0.14399092970521543,882
docker/cli,2025-11-10,1.8333333333333333,0.14342629482071714,251
prometheus/prometheus,2025-11-10,0.2833333333333333,0.18009478672985782,211
tektoncd/pipeline,2025-11-10,0.65,0.07492795389048991,347
tektoncd/pipeline,2025-11-17,0.7083333333333333,0.13440860215053763,372
docker/cli,2025-11-17,1.7916666666666667,0.0625,96
prometheus/prometheus,2025-11-17,0.45,0.1855146124523507,787
tektoncd/pipeline,2025-11-24,0.9333333333333333,0.12903225806451613,372
docker/cli,2025-11-24,1.9666666666666666,0.1329479768786127,173
prometheus/prometheus,2025-11-24,0.4,0.16710875331564987,377
prometheus/prometheus,2025-12-01,0.36666666666666664,0.216,625
docker/cli,2025-12-01,1.9333333333333333,0.13725490196078433,102
tektoncd/pipeline,2025-12-01,0.7,0.08012820512820513,624
tektoncd/pipeline,2025-12-08,2.658333333333333,0.1,10
prometheus/prometheus,2025-12-08,0.36666666666666664,0.3111111111111111,45
docker/cli,2025-12-08,1.9833333333333334,0.10650887573964497,169
tektoncd/pipeline,2025-12-15,0.8666666666666667,0.06454816285998013,1007
docker/cli,2025-12-15,2.033333333333333,0.15976331360946747,169
prometheus/prometheus,2025-12-15,0.4666666666666667,0.2226762002042901,979
prometheus/prometheus,2025-12-22,0.3,0.1751269035532995,394
tektoncd/pipeline,2025-12-22,1.2166666666666668,0.04950495049504951,202
docker/cli,2025-12-22,1.7833333333333334,0.0898876404494382,89
prometheus/prometheus,2025-12-29,0.45,0.17525773195876287,582
tektoncd/pipeline,2025-12-29,0.6333333333333333,0.08080808080808081,99
docker/cli,2025-12-29,0.6666666666666666,0.0,7
tektoncd/pipeline,2026-01-05,0.6166666666666667,0.07024793388429752,242
docker/cli,2026-01-05,1.8,0.14925373134328357,67
prometheus/prometheus,2026-01-05,0.23333333333333334,0.25,108
prometheus/prometheus,2026-01-12,0.45,0.20179372197309417,892
tektoncd/pipeline,2026-01-12,0.7166666666666667,0.05351170568561873,299
docker/cli,2026-01-12,1.9333333333333331,0.14893617021276595,282
docker/cli,2026-01-19,0.13333333333333333,0.03260869565217391,92
tektoncd/pipeline,2026-01-19,0.8833333333333333,0.013422818791946308,149
prometheus/prometheus,2026-01-19,0.45,0.22752497225305215,901
docker/cli,2026-01-26,1.8166666666666667,0.08421052631578947,95
prometheus/prometheus,2026-01-26,0.45,0.24242424242424243,99
tektoncd/pipeline,2026-01-26,0.9,0.024390243902439025,41
