repo_full,week,merge_count
docker/cli,2024-01-08,16
tektoncd/pipeline,2024-01-08,1
prometheus/prometheus,2024-01-08,2
docker/cli,2024-01-15,16
tektoncd/pipeline,2024-01-15,7
prometheus/prometheus,2024-01-15,18
docker/cli,2024-01-22,19
tektoncd/pipeline,2024-01-22,23
prometheus/prometheus,2024-01-22,23
docker/cli,2024-01-29,8
tektoncd/pipeline,2024-01-29,1
prometheus/prometheus,2024-01-29,12
tektoncd/pipeline,2024-02-05,8
prometheus/prometheus,2024-02-05,5
docker/cli,2024-02-05,8
prometheus/prometheus,2024-02-12,6
docker/cli,2024-02-12,8
tektoncd/pipeline,2024-02-12,25
prometheus/prometheus,2024-02-19,12
docker/cli,2024-02-19,7
tektoncd/pipeline,2024-02-19,12
prometheus/prometheus,2024-02-26,22
tektoncd/pipeline,2024-02-26,15
docker/cli,2024-02-26,6
tektoncd/pipeline,2024-03-04,4
prometheus/prometheus,2024-03-04,30
docker/cli,2024-03-04,16
tektoncd/pipeline,2024-03-11,4
prometheus/prometheus,2024-03-11,20
docker/cli,2024-03-11,9
prometheus/prometheus,2024-03-18,23
docker/cli,2024-03-18,16
tektoncd/pipeline,2024-03-18,17
docker/cli,2024-03-25,5
tektoncd/pipeline,2024-03-25,18
prometheus/prometheus,2024-03-25,25
docker/cli,2024-04-01,8
tektoncd/pipeline,2024-04-01,23
prometheus/prometheus,2024-04-01,19
tektoncd/pipeline,2024-04-08,28
prometheus/prometheus,2024-04-08,9
docker/cli,2024-04-08,7
prometheus/prometheus,2024-04-15,14
docker/cli,2024-04-15,8
tektoncd/pipeline,2024-04-15,1
prometheus/prometheus,2024-04-22,11
docker/cli,2024-04-22,5
tektoncd/pipeline,2024-04-22,21
docker/cli,2024-04-29,8
tektoncd/pipeline,2024-04-29,5
prometheus/prometheus,2024-04-29,27
tektoncd/pipeline,2024-05-06,9
prometheus/prometheus,2024-05-06,13
docker/cli,2024-05-06,6
tektoncd/pipeline,2024-05-13,25
prometheus/prometheus,2024-05-13,14
docker/cli,2024-05-13,13
tektoncd/pipeline,2024-05-20,7
docker/cli,2024-05-20,5
prometheus/prometheus,2024-05-20,7
docker/cli,2024-05-27,14
tektoncd/pipeline,2024-05-27,16
prometheus/prometheus,2024-05-27,11
docker/cli,2024-06-03,24
tektoncd/pipeline,2024-06-03,17
prometheus/prometheus,2024-06-03,63
tektoncd/pipeline,2024-06-10,12
prometheus/prometheus,2024-06-10,15
docker/cli,2024-06-10,17
prometheus/prometheus,2024-06-17,25
docker/cli,2024-06-17,24
tektoncd/pipeline,2024-06-17,13
prometheus/prometheus,2024-06-24,19
docker/cli,2024-06-24,15
tektoncd/pipeline,2024-06-24,8
prometheus/prometheus,2024-07-01,17
tektoncd/pipeline,2024-07-01,19
docker/cli,2024-07-01,22
tektoncd/pipeline,2024-07-08,5
docker/cli,2024-07-08,5
prometheus/prometheus,2024-07-08,23
tektoncd/pipeline,2024-07-15,17
docker/cli,2024-07-15,20
prometheus/prometheus,2024-07-15,14
prometheus/prometheus,2024-07-22,8
docker/cli,2024-07-22,21
tektoncd/pipeline,2024-07-22,11
docker/cli,2024-07-29,3
prometheus/prometheus,2024-07-29,30
tektoncd/pipeline,2024-07-29,9
prometheus/prometheus,2024-08-05,33
docker/cli,2024-08-05,13
tektoncd/pipeline,2024-08-05,10
docker/cli,2024-08-12,15
tektoncd/pipeline,2024-08-12,6
prometheus/prometheus,2024-08-12,16
docker/cli,2024-08-19,12
tektoncd/pipeline,2024-08-19,11
prometheus/prometheus,2024-08-19,23
prometheus/prometheus,2024-08-26,20
tektoncd/pipeline,2024-08-26,5
docker/cli,2024-08-26,6
docker/cli,2024-09-02,23
tektoncd/pipeline,2024-09-02,6
prometheus/prometheus,2024-09-02,63
tektoncd/pipeline,2024-09-09,11
docker/cli,2024-09-09,18
prometheus/prometheus,2024-09-09,27
tektoncd/pipeline,2024-09-16,9
docker/cli,2024-09-16,23
prometheus/prometheus,2024-09-16,34
docker/cli,2024-09-23,11
prometheus/prometheus,2024-09-23,16
tektoncd/pipeline,2024-09-23,16
tektoncd/pipeline,2024-09-30,11
prometheus/prometheus,2024-09-30,50
docker/cli,2024-09-30,14
tektoncd/pipeline,2024-10-07,8
docker/cli,2024-10-07,20
prometheus/prometheus,2024-10-07,28
tektoncd/pipeline,2024-10-14,11
docker/cli,2024-10-14,14
prometheus/prometheus,2024-10-14,27
docker/cli,2024-10-21,18
tektoncd/pipeline,2024-10-21,2
prometheus/prometheus,2024-10-21,18
docker/cli,2024-10-28,6
tektoncd/pipeline,2024-10-28,6
prometheus/prometheus,2024-10-28,20
prometheus/prometheus,2024-11-04,48
docker/cli,2024-11-04,9
tektoncd/pipeline,2024-11-04,15
docker/cli,2024-11-11,14
tektoncd/pipeline,2024-11-11,7
prometheus/prometheus,2024-11-11,23
tektoncd/pipeline,2024-11-18,6
prometheus/prometheus,2024-11-18,29
docker/cli,2024-11-18,14
prometheus/prometheus,2024-11-25,30
tektoncd/pipeline,2024-11-25,7
docker/cli,2024-11-25,12
prometheus/prometheus,2024-12-02,29
tektoncd/pipeline,2024-12-02,12
docker/cli,2024-12-02,13
prometheus/prometheus,2024-12-09,84
docker/cli,2024-12-09,14
tektoncd/pipeline,2024-12-09,7
tektoncd/pipeline,2024-12-16,5
docker/cli,2024-12-16,16
prometheus/prometheus,2024-12-16,22
docker/cli,2024-12-23,5
prometheus/prometheus,2024-12-23,8
tektoncd/pipeline,2024-12-30,4
prometheus/prometheus,2024-12-30,12
docker/cli,2024-12-30,10
docker/cli,2025-01-06,8
tektoncd/pipeline,2025-01-06,8
prometheus/prometheus,2025-01-06,15
docker/cli,2025-01-13,10
prometheus/prometheus,2025-01-13,58
tektoncd/pipeline,2025-01-13,21
prometheus/prometheus,2025-01-20,7
tektoncd/pipeline,2025-01-20,16
docker/cli,2025-01-20,13
tektoncd/pipeline,2025-01-27,11
docker/cli,2025-01-27,2
prometheus/prometheus,2025-01-27,32
docker/cli,2025-02-03,19
prometheus/prometheus,2025-02-03,27
tektoncd/pipeline,2025-02-03,6
docker/cli,2025-02-10,16
tektoncd/pipeline,2025-02-10,2
prometheus/prometheus,2025-02-10,19
docker/cli,2025-02-17,15
tektoncd/pipeline,2025-02-17,14
prometheus/prometheus,2025-02-17,10
docker/cli,2025-02-24,9
tektoncd/pipeline,2025-02-24,8
prometheus/prometheus,2025-02-24,10
prometheus/prometheus,2025-03-03,62
tektoncd/pipeline,2025-03-03,18
docker/cli,2025-03-03,17
tektoncd/pipeline,2025-03-10,12
docker/cli,2025-03-10,16
prometheus/prometheus,2025-03-10,11
tektoncd/pipeline,2025-03-17,5
prometheus/prometheus,2025-03-17,75
docker/cli,2025-03-17,14
docker/cli,2025-03-24,10
tektoncd/pipeline,2025-03-24,11
prometheus/prometheus,2025-03-24,25
docker/cli,2025-03-31,15
tektoncd/pipeline,2025-03-31,8
prometheus/prometheus,2025-03-31,14
docker/cli,2025-04-07,24
tektoncd/pipeline,2025-04-07,8
prometheus/prometheus,2025-04-07,8
tektoncd/pipeline,2025-04-14,6
docker/cli,2025-04-14,15
prometheus/prometheus,2025-04-14,24
tektoncd/pipeline,2025-04-21,7
docker/cli,2025-04-21,9
prometheus/prometheus,2025-04-21,15
docker/cli,2025-04-28,4
prometheus/prometheus,2025-04-28,33
tektoncd/pipeline,2025-04-28,15
prometheus/prometheus,2025-05-05,12
docker/cli,2025-05-05,4
tektoncd/pipeline,2025-05-05,13
docker/cli,2025-05-12,18
tektoncd/pipeline,2025-05-12,16
prometheus/prometheus,2025-05-12,11
tektoncd/pipeline,2025-05-19,13
prometheus/prometheus,2025-05-19,12
docker/cli,2025-05-19,20
tektoncd/pipeline,2025-05-26,7
docker/cli,2025-05-26,10
prometheus/prometheus,2025-05-26,13
docker/cli,2025-06-02,2
prometheus/prometheus,2025-06-02,11
tektoncd/pipeline,2025-06-02,1
docker/cli,2025-06-09,7
tektoncd/pipeline,2025-06-09,27
prometheus/prometheus,2025-06-09,9
docker/cli,2025-06-16,8
prometheus/prometheus,2025-06-16,15
tektoncd/pipeline,2025-06-16,9
tektoncd/pipeline,2025-06-23,4
docker/cli,2025-06-23,3
prometheus/prometheus,2025-06-23,12
docker/cli,2025-06-30,5
prometheus/prometheus,2025-06-30,17
tektoncd/pipeline,2025-06-30,7
tektoncd/pipeline,2025-07-07,7
prometheus/prometheus,2025-07-07,40
docker/cli,2025-07-07,6
tektoncd/pipeline,2025-07-14,10
prometheus/prometheus,2025-07-14,9
docker/cli,2025-07-14,18
prometheus/prometheus,2025-07-21,10
tektoncd/pipeline,2025-07-21,16
docker/cli,2025-07-21,11
docker/cli,2025-07-28,12
tektoncd/pipeline,2025-07-28,14
prometheus/prometheus,2025-07-28,11
tektoncd/pipeline,2025-08-04,5
docker/cli,2025-08-04,16
prometheus/prometheus,2025-08-04,17
docker/cli,2025-08-11,23
prometheus/prometheus,2025-08-11,17
tektoncd/pipeline,2025-08-11,14
tektoncd/pipeline,2025-08-18,13
prometheus/prometheus,2025-08-18,12
docker/cli,2025-08-18,69
docker/cli,2025-08-25,42
tektoncd/pipeline,2025-08-25,4
prometheus/prometheus,2025-08-25,9
docker/cli,2025-09-01,34
prometheus/prometheus,2025-09-01,16
tektoncd/pipeline,2025-09-01,6
tektoncd/pipeline,2025-09-08,6
docker/cli,2025-09-08,13
prometheus/prometheus,2025-09-08,9
prometheus/prometheus,2025-09-15,8
tektoncd/pipeline,2025-09-15,1
docker/cli,2025-09-15,2
docker/cli,2025-09-22,50
prometheus/prometheus,2025-09-22,10
docker/cli,2025-09-29,21
prometheus/prometheus,2025-09-29,17
tektoncd/pipeline,2025-09-29,4
docker/cli,2025-10-06,13
prometheus/prometheus,2025-10-06,18
tektoncd/pipeline,2025-10-06,14
prometheus/prometheus,2025-10-13,20
tektoncd/pipeline,2025-10-13,4
docker/cli,2025-10-13,12
prometheus/prometheus,2025-10-20,34
tektoncd/pipeline,2025-10-20,12
docker/cli,2025-10-20,3
prometheus/prometheus,2025-10-27,23
tektoncd/pipeline,2025-10-27,17
docker/cli,2025-10-27,22
prometheus/prometheus,2025-11-03,31
tektoncd/pipeline,2025-11-03,7
docker/cli,2025-11-03,34
prometheus/prometheus,2025-11-10,24
tektoncd/pipeline,2025-11-10,2
docker/cli,2025-11-10,11
docker/cli,2025-11-17,3
prometheus/prometheus,2025-11-17,22
tektoncd/pipeline,2025-11-17,11
prometheus/prometheus,2025-11-24,11
docker/cli,2025-11-24,7
tektoncd/pipeline,2025-11-24,16
docker/cli,2025-12-01,5
tektoncd/pipeline,2025-12-01,15
prometheus/prometheus,2025-12-01,9
tektoncd/pipeline,2025-12-08,11
prometheus/prometheus,2025-12-08,11
docker/cli,2025-12-08,6
prometheus/prometheus,2025-12-15,34
docker/cli,2025-12-15,11
tektoncd/pipeline,2025-12-15,28
docker/cli,2025-12-22,2
tektoncd/pipeline,2025-12-22,8
prometheus/prometheus,2025-12-22,13
prometheus/prometheus,2025-12-29,19
docker/cli,2026-01-05,4
prometheus/prometheus,2026-01-05,30
tektoncd/pipeline,2026-01-05,7
tektoncd/pipeline,2026-01-12,5
prometheus/prometheus,2026-01-12,18
docker/cli,2026-01-12,14
docker/cli,2026-01-19,1
prometheus/prometheus,2026-01-19,35
tektoncd/pipeline,2026-01-19,5
docker/cli,2026-01-26,5
