repo_full,week,review_count_med,review_latency_med_h,review_duration_med_h,prs_total
prometheus/prometheus,2024-01-01,1.0,257.5933333333333,0.0044444444444444444,1
docker/cli,2024-01-08,1.0,0.7725,0.12013888888888889,22
tektoncd/pipeline,2024-01-08,3.0,17.803333333333335,172.62,8
prometheus/prometheus,2024-01-08,4.0,19.057499999999997,80.28222222222223,10
docker/cli,2024-01-15,1.0,0.3175,0.1875,21
tektoncd/pipeline,2024-01-15,0.0,80.00222222222222,65.01861111111111,22
prometheus/prometheus,2024-01-15,1.0,25.775,1.8802777777777777,27
docker/cli,2024-01-22,1.0,0.8105555555555556,0.18944444444444444,16
tektoncd/pipeline,2024-01-22,0.0,8.171527777777778,437.1377777777778,23
prometheus/prometheus,2024-01-22,1.0,22.59861111111111,20.51527777777778,32
tektoncd/pipeline,2024-01-29,0.0,,,7
prometheus/prometheus,2024-01-29,1.0,94.5326388888889,11.90638888888889,31
docker/cli,2024-01-29,1.5,13.681111111111111,0.29527777777777775,12
prometheus/prometheus,2024-02-05,1.0,20.085277777777776,1178.6627777777778,15
docker/cli,2024-02-05,1.0,2.0744444444444445,3.3673611111111112,13
tektoncd/pipeline,2024-02-05,0.5,21.459444444444443,52.431111111111115,14
prometheus/prometheus,2024-02-12,1.5,28.86958333333333,105.63708333333334,14
docker/cli,2024-02-12,4.5,15.695277777777779,20.89611111111111,6
tektoncd/pipeline,2024-02-12,1.0,11.557083333333333,10.76625,27
prometheus/prometheus,2024-02-19,1.0,23.98638888888889,57.195416666666674,23
tektoncd/pipeline,2024-02-19,1.0,18.10625,30.67,21
docker/cli,2024-02-19,3.5,0.6252777777777778,87.58777777777777,12
tektoncd/pipeline,2024-02-26,0.0,449.64194444444445,121.42722222222223,13
prometheus/prometheus,2024-02-26,1.0,58.217777777777776,22.51638888888889,47
docker/cli,2024-02-26,4.0,1.1204166666666666,12.848888888888888,7
tektoncd/pipeline,2024-03-04,0.0,192.58666666666667,294.7105555555556,7
prometheus/prometheus,2024-03-04,1.0,15.978333333333333,4.006388888888889,30
docker/cli,2024-03-04,1.0,0.385,0.0077777777777777776,21
tektoncd/pipeline,2024-03-11,2.0,84.26013888888889,361.56361111111113,9
prometheus/prometheus,2024-03-11,2.0,18.24041666666667,31.86611111111111,26
docker/cli,2024-03-11,3.0,9.852083333333335,11.394444444444444,12
prometheus/prometheus,2024-03-18,1.0,22.25888888888889,5.067777777777778,40
docker/cli,2024-03-18,2.0,1.1969444444444444,0.5863888888888888,9
tektoncd/pipeline,2024-03-18,0.0,5.967777777777778,703.9593055555556,22
docker/cli,2024-03-25,4.0,0.3622222222222222,329.75625,5
tektoncd/pipeline,2024-03-25,0.0,0.8186111111111111,1.3459722222222221,18
prometheus/prometheus,2024-03-25,1.0,2.6280555555555556,1.3527777777777779,19
docker/cli,2024-04-01,4.0,3.878888888888889,28.81513888888889,11
tektoncd/pipeline,2024-04-01,1.0,3.178888888888889,9.016388888888889,33
prometheus/prometheus,2024-04-01,1.0,12.724722222222223,25.867916666666666,29
tektoncd/pipeline,2024-04-08,1.0,15.463333333333335,20.075972222222223,21
prometheus/prometheus,2024-04-08,1.0,21.81652777777778,33.24791666666667,15
docker/cli,2024-04-08,2.0,1.5770833333333334,27.917916666666667,15
prometheus/prometheus,2024-04-15,1.5,36.405,256.43694444444446,18
docker/cli,2024-04-15,2.0,0.36527777777777776,17.000833333333333,11
tektoncd/pipeline,2024-04-15,0.0,9.524444444444445,509.7665277777778,10
prometheus/prometheus,2024-04-22,2.5,14.835277777777778,76.23027777777777,20
docker/cli,2024-04-22,1.0,5.253888888888889,3.339444444444444,7
tektoncd/pipeline,2024-04-22,0.0,13.895555555555555,10.146666666666667,21
prometheus/prometheus,2024-04-29,1.0,6.967777777777778,46.717777777777776,46
docker/cli,2024-04-29,1.0,13.02,8.313055555555556,15
tektoncd/pipeline,2024-04-29,0.0,3.1055555555555556,389.66527777777776,7
docker/cli,2024-05-06,1.0,1.0430555555555556,0.018055555555555554,4
tektoncd/pipeline,2024-05-06,0.0,96.40861111111111,110.59208333333333,7
prometheus/prometheus,2024-05-06,2.5,39.836666666666666,333.0227777777778,18
tektoncd/pipeline,2024-05-13,0.0,7.824722222222222,3.435416666666667,19
prometheus/prometheus,2024-05-13,2.0,19.617638888888887,65.76138888888889,25
docker/cli,2024-05-13,1.0,0.7194444444444444,1.3159722222222223,13
tektoncd/pipeline,2024-05-20,1.0,15.170277777777779,5.578611111111111,19
prometheus/prometheus,2024-05-20,1.0,71.78805555555556,92.19555555555554,11
docker/cli,2024-05-20,2.0,26.47597222222222,2.0279166666666666,8
tektoncd/pipeline,2024-05-27,0.0,0.02666666666666667,2.237222222222222,17
docker/cli,2024-05-27,2.5,1.0981944444444445,4.424861111111111,8
prometheus/prometheus,2024-05-27,1.0,63.068194444444444,10.869027777777777,33
docker/cli,2024-06-03,1.0,1.17,0.08472222222222223,26
tektoncd/pipeline,2024-06-03,1.0,15.138750000000002,12.190972222222223,21
prometheus/prometheus,2024-06-03,0.0,6.115,2.482222222222222,66
docker/cli,2024-06-10,1.0,4.172638888888889,1.1781944444444443,19
tektoncd/pipeline,2024-06-10,1.0,17.56111111111111,5.258194444444444,19
prometheus/prometheus,2024-06-10,3.0,16.23111111111111,19.255000000000003,15
tektoncd/pipeline,2024-06-17,1.0,13.389583333333333,2.245277777777778,15
prometheus/prometheus,2024-06-17,1.5,7.870416666666666,28.08972222222222,24
docker/cli,2024-06-17,2.0,0.7002777777777778,0.4540277777777778,27
prometheus/prometheus,2024-06-24,2.5,16.638333333333332,62.10583333333334,22
docker/cli,2024-06-24,1.0,1.8602777777777777,0.08944444444444444,19
tektoncd/pipeline,2024-06-24,1.0,124.09291666666667,158.84680555555553,10
prometheus/prometheus,2024-07-01,1.0,95.82305555555556,0.31916666666666665,44
docker/cli,2024-07-01,1.0,3.0434722222222224,0.5429166666666667,25
tektoncd/pipeline,2024-07-01,1.0,9.929444444444444,4.1000000000000005,16
prometheus/prometheus,2024-07-08,2.0,20.27513888888889,22.881666666666668,31
tektoncd/pipeline,2024-07-08,0.0,50.92472222222222,114.32277777777779,15
docker/cli,2024-07-08,2.0,0.8769444444444444,68.53416666666666,7
tektoncd/pipeline,2024-07-15,0.0,2.077777777777778,0.8636111111111111,16
prometheus/prometheus,2024-07-15,1.0,50.93138888888889,132.1925,22
docker/cli,2024-07-15,1.0,7.444166666666667,0.4686111111111111,19
tektoncd/pipeline,2024-07-22,0.0,26.181944444444444,2.761111111111111,11
prometheus/prometheus,2024-07-22,2.0,24.178194444444443,84.15652777777777,18
docker/cli,2024-07-22,1.0,0.3368055555555556,0.07916666666666666,19
tektoncd/pipeline,2024-07-29,1.0,13.754444444444445,151.63083333333333,13
prometheus/prometheus,2024-07-29,1.0,16.565277777777776,0.8286111111111111,59
docker/cli,2024-07-29,1.5,29.590694444444445,0.006666666666666667,6
prometheus/prometheus,2024-08-05,1.0,51.144444444444446,23.750555555555554,43
docker/cli,2024-08-05,1.0,9.271944444444445,0.0375,21
tektoncd/pipeline,2024-08-05,0.5,13.944444444444445,2.1393055555555556,20
docker/cli,2024-08-12,2.0,3.665138888888889,0.7976388888888888,10
tektoncd/pipeline,2024-08-12,1.0,13.497083333333332,1.817361111111111,7
prometheus/prometheus,2024-08-12,2.0,24.810555555555556,120.93055555555556,22
docker/cli,2024-08-19,2.0,0.4565277777777778,0.31569444444444444,11
tektoncd/pipeline,2024-08-19,1.0,11.238194444444446,0.5525,9
prometheus/prometheus,2024-08-19,2.0,3.256388888888889,50.77055555555555,25
docker/cli,2024-08-26,2.0,0.3338888888888889,1.7783333333333333,9
tektoncd/pipeline,2024-08-26,1.0,14.535277777777777,74.24972222222222,7
prometheus/prometheus,2024-08-26,0.0,10.976111111111111,55.02361111111111,64
docker/cli,2024-09-02,1.0,0.7911111111111111,0.2633333333333333,29
prometheus/prometheus,2024-09-02,1.0,4.914722222222222,5.701388888888889,44
tektoncd/pipeline,2024-09-02,1.0,14.514444444444443,109.68861111111111,18
prometheus/prometheus,2024-09-09,1.0,1.3969444444444445,0.6119444444444444,33
docker/cli,2024-09-09,1.0,0.5354166666666667,0.07597222222222222,15
tektoncd/pipeline,2024-09-09,1.0,2.6094444444444447,8.329444444444444,12
prometheus/prometheus,2024-09-16,1.0,7.729027777777778,10.903333333333332,41
docker/cli,2024-09-16,1.0,0.19833333333333333,0.12625,26
tektoncd/pipeline,2024-09-16,1.0,67.89180555555555,138.72597222222223,16
tektoncd/pipeline,2024-09-23,1.0,14.225138888888889,20.841944444444444,19
docker/cli,2024-09-23,2.0,1.25,2.460277777777778,13
prometheus/prometheus,2024-09-23,3.0,17.547777777777778,68.38055555555556,24
docker/cli,2024-09-30,1.0,4.499722222222222,0.2697222222222222,16
prometheus/prometheus,2024-09-30,1.0,5.738888888888889,0.6241666666666666,74
tektoncd/pipeline,2024-09-30,1.0,13.915833333333333,0.7727777777777778,7
prometheus/prometheus,2024-10-07,3.0,3.0647222222222226,47.49180555555556,17
docker/cli,2024-10-07,1.0,11.089027777777776,0.18638888888888888,23
tektoncd/pipeline,2024-10-07,0.0,101.28958333333334,74.30722222222222,10
tektoncd/pipeline,2024-10-14,1.0,18.769166666666667,1.466388888888889,14
prometheus/prometheus,2024-10-14,2.0,3.0183333333333335,22.719722222222224,23
docker/cli,2024-10-14,1.0,24.071666666666665,0.31319444444444444,23
prometheus/prometheus,2024-10-21,1.0,23.91583333333333,12.196666666666667,31
docker/cli,2024-10-21,1.0,4.156666666666666,2.486527777777778,11
tektoncd/pipeline,2024-10-21,1.0,62.42055555555555,279.59805555555556,3
docker/cli,2024-10-28,2.0,12.843333333333334,3.1772222222222224,9
tektoncd/pipeline,2024-10-28,1.0,16.267083333333332,15.802916666666667,12
prometheus/prometheus,2024-10-28,1.0,89.2801388888889,0.6152777777777778,78
docker/cli,2024-11-04,1.5,2.7719444444444443,0.1775,12
tektoncd/pipeline,2024-11-04,0.0,35.16916666666667,1.0054166666666666,15
prometheus/prometheus,2024-11-04,1.0,5.5905555555555555,26.221666666666668,39
docker/cli,2024-11-11,1.5,10.882222222222222,0.07347222222222222,18
tektoncd/pipeline,2024-11-11,1.0,13.647222222222222,0.74,6
prometheus/prometheus,2024-11-11,1.0,2.3980555555555556,4.904999999999999,32
tektoncd/pipeline,2024-11-18,0.0,14.130555555555556,42.04263888888889,10
prometheus/prometheus,2024-11-18,2.0,19.769166666666667,2.0597222222222222,22
docker/cli,2024-11-18,1.0,8.95513888888889,0.3586111111111111,14
prometheus/prometheus,2024-11-25,1.0,36.05555555555556,0.05,64
docker/cli,2024-11-25,2.0,1.5995833333333334,0.8720833333333333,13
tektoncd/pipeline,2024-11-25,1.0,11.444722222222222,1.0919444444444444,7
prometheus/prometheus,2024-12-02,3.0,26.134166666666665,45.74333333333333,16
docker/cli,2024-12-02,2.0,2.4466666666666663,1.1847222222222222,18
tektoncd/pipeline,2024-12-02,1.0,1.7033333333333334,1.6872222222222222,12
prometheus/prometheus,2024-12-09,1.0,8.696388888888889,0.1597222222222222,117
tektoncd/pipeline,2024-12-09,1.0,18.884027777777778,44.59722222222223,14
docker/cli,2024-12-09,1.0,58.900277777777774,0.40791666666666665,15
tektoncd/pipeline,2024-12-16,1.0,482.95444444444445,63.22666666666667,15
docker/cli,2024-12-16,1.0,0.35111111111111115,0.33805555555555555,13
prometheus/prometheus,2024-12-16,1.0,9.661666666666667,1.8280555555555555,30
tektoncd/pipeline,2024-12-23,0.0,,,3
docker/cli,2024-12-23,1.0,0.32166666666666666,0.08694444444444445,5
prometheus/prometheus,2024-12-23,2.0,155.3227777777778,97.72305555555555,8
tektoncd/pipeline,2024-12-30,0.0,41.255694444444444,99.44611111111111,7
docker/cli,2024-12-30,1.0,1.5406944444444446,0.3811111111111111,10
prometheus/prometheus,2024-12-30,1.0,282.3844444444444,0.0020833333333333333,57
tektoncd/pipeline,2025-01-06,1.0,119.57111111111112,0.7261111111111112,8
prometheus/prometheus,2025-01-06,1.5,7.093888888888889,23.02013888888889,18
docker/cli,2025-01-06,1.0,0.77375,0.1811111111111111,9
tektoncd/pipeline,2025-01-13,1.0,17.84986111111111,1.180972222222222,19
prometheus/prometheus,2025-01-13,1.0,5.423055555555556,0.6366666666666667,33
docker/cli,2025-01-13,1.5,5.805833333333333,0.8891666666666667,20
docker/cli,2025-01-20,1.0,19.39666666666667,0.005833333333333334,14
prometheus/prometheus,2025-01-20,3.0,54.54291666666666,38.653888888888886,12
tektoncd/pipeline,2025-01-20,1.0,40.935138888888886,0.9327777777777778,25
prometheus/prometheus,2025-01-27,1.0,80.72027777777778,0.0025,83
tektoncd/pipeline,2025-01-27,1.0,3.5330555555555554,61.93055555555556,13
docker/cli,2025-01-27,1.5,43.25472222222222,1.0090277777777779,8
docker/cli,2025-02-03,1.0,15.965555555555556,0.16694444444444445,18
tektoncd/pipeline,2025-02-03,1.0,43.98222222222222,11.364722222222222,10
prometheus/prometheus,2025-02-03,1.5,14.597222222222221,4.845555555555555,20
docker/cli,2025-02-10,1.5,0.7913888888888889,1.0952777777777778,10
prometheus/prometheus,2025-02-10,1.0,30.304861111111112,1.0605555555555555,34
tektoncd/pipeline,2025-02-10,1.0,84.71388888888889,17.531666666666666,7
tektoncd/pipeline,2025-02-17,1.0,12.321944444444444,1.8052777777777778,14
docker/cli,2025-02-17,1.0,0.37583333333333335,3.2888888888888888,23
prometheus/prometheus,2025-02-17,1.0,19.53,70.28305555555556,14
tektoncd/pipeline,2025-02-24,1.0,75.94958333333334,2.785555555555556,15
prometheus/prometheus,2025-02-24,1.0,130.7411111111111,0.42777777777777776,72
docker/cli,2025-02-24,3.0,0.875,1.95,13
docker/cli,2025-03-03,2.0,14.335416666666667,0.6706944444444445,30
prometheus/prometheus,2025-03-03,1.0,10.457777777777778,0.5441666666666667,33
tektoncd/pipeline,2025-03-03,1.0,16.741527777777776,0.22805555555555557,22
docker/cli,2025-03-10,4.0,21.345694444444444,60.58152777777778,11
tektoncd/pipeline,2025-03-10,1.0,44.05027777777778,7.525972222222222,15
prometheus/prometheus,2025-03-10,1.5,16.926944444444445,18.98708333333333,16
docker/cli,2025-03-17,1.0,24.058333333333334,0.9413888888888889,15
prometheus/prometheus,2025-03-17,1.0,19.030277777777776,0.01638888888888889,81
tektoncd/pipeline,2025-03-17,1.0,25.860972222222223,0.2816666666666667,7
tektoncd/pipeline,2025-03-24,1.0,16.014305555555556,0.4890277777777778,18
prometheus/prometheus,2025-03-24,1.0,7.244861111111112,0.45944444444444443,33
docker/cli,2025-03-24,2.0,1.2313888888888889,1.3952777777777778,11
tektoncd/pipeline,2025-03-31,1.0,19.766111111111112,504.46777777777777,3
docker/cli,2025-03-31,1.0,40.9075,0.2577777777777778,18
prometheus/prometheus,2025-03-31,1.0,87.99222222222222,0.003611111111111111,39
prometheus/prometheus,2025-04-07,1.5,13.77125,10.769027777777778,12
tektoncd/pipeline,2025-04-07,1.0,11.81236111111111,0.10597222222222222,13
docker/cli,2025-04-07,1.0,7.197777777777778,0.06055555555555556,12
docker/cli,2025-04-14,1.0,0.35888888888888887,0.31430555555555556,17
prometheus/prometheus,2025-04-14,2.0,8.762361111111112,50.43083333333333,20
tektoncd/pipeline,2025-04-14,1.5,52.37694444444445,84.57347222222222,14
docker/cli,2025-04-21,1.0,2.3294444444444444,0.5111111111111111,14
prometheus/prometheus,2025-04-21,1.0,19.558888888888887,0.0009722222222222222,33
tektoncd/pipeline,2025-04-21,1.0,75.54138888888889,0.03,6
prometheus/prometheus,2025-04-28,1.0,23.625,9.738194444444446,26
tektoncd/pipeline,2025-04-28,1.0,41.958333333333336,0.14069444444444446,12
docker/cli,2025-04-28,2.0,205.94875000000002,242.45666666666665,3
prometheus/prometheus,2025-05-05,2.0,59.406388888888884,119.7525,19
docker/cli,2025-05-05,1.0,3.9119444444444444,15.969583333333333,8
tektoncd/pipeline,2025-05-05,1.0,13.078611111111112,0.5633333333333334,15
tektoncd/pipeline,2025-05-12,2.0,62.659166666666664,26.767777777777777,21
prometheus/prometheus,2025-05-12,1.0,0.43083333333333335,2.6577777777777776,13
docker/cli,2025-05-12,1.0,1.1794444444444445,0.050277777777777775,18
tektoncd/pipeline,2025-05-19,1.0,16.833333333333332,0.11833333333333333,14
docker/cli,2025-05-19,1.0,6.761666666666667,0.1486111111111111,18
prometheus/prometheus,2025-05-19,1.0,31.49138888888889,93.27805555555555,11
tektoncd/pipeline,2025-05-26,1.0,12.35736111111111,0.33208333333333334,4
prometheus/prometheus,2025-05-26,0.0,21.532916666666665,17.62972222222222,30
docker/cli,2025-05-26,1.0,4.021388888888889,0.17666666666666667,11
docker/cli,2025-06-02,3.0,1893.763611111111,38.56319444444444,2
tektoncd/pipeline,2025-06-02,1.0,182.18555555555557,5.655,12
prometheus/prometheus,2025-06-02,1.0,513.8483333333334,0.7775,26
tektoncd/pipeline,2025-06-09,0.5,13.782777777777778,0.3673611111111111,8
docker/cli,2025-06-09,1.0,1.0202777777777778,0.26694444444444443,8
prometheus/prometheus,2025-06-09,3.0,45.54,15.118194444444445,15
tektoncd/pipeline,2025-06-16,1.0,15.061111111111112,0.11097222222222222,13
prometheus/prometheus,2025-06-16,1.0,14.808055555555555,17.14,21
docker/cli,2025-06-16,1.0,1.1994444444444445,0.16972222222222222,8
prometheus/prometheus,2025-06-23,3.0,21.362222222222222,143.45277777777778,27
docker/cli,2025-06-23,1.0,0.9891666666666666,3.645277777777778,3
tektoncd/pipeline,2025-06-23,1.0,63.094166666666666,0.05722222222222222,7
tektoncd/pipeline,2025-06-30,1.0,209.81333333333333,142.45333333333332,11
prometheus/prometheus,2025-06-30,1.0,159.575,0.01986111111111111,32
docker/cli,2025-06-30,1.0,28.373333333333335,0.37555555555555553,8
docker/cli,2025-07-07,1.0,3.935,0.56,13
tektoncd/pipeline,2025-07-07,1.0,125.97763888888889,156.64833333333334,15
prometheus/prometheus,2025-07-07,1.0,8.432222222222222,0.8875,25
docker/cli,2025-07-14,1.0,13.002777777777776,0.5991666666666666,14
prometheus/prometheus,2025-07-14,1.0,20.53361111111111,21.955416666666668,17
tektoncd/pipeline,2025-07-14,1.0,18.048055555555557,0.18138888888888888,12
tektoncd/pipeline,2025-07-21,0.0,53.418055555555554,11.313611111111111,22
prometheus/prometheus,2025-07-21,2.0,70.94777777777777,147.6538888888889,19
docker/cli,2025-07-21,1.0,13.490833333333333,2.152916666666667,18
prometheus/prometheus,2025-07-28,0.0,21.13375,19.600555555555555,37
docker/cli,2025-07-28,1.0,3.1641666666666666,0.39708333333333334,17
tektoncd/pipeline,2025-07-28,1.0,4.5344444444444445,1.9388888888888889,14
docker/cli,2025-08-04,1.0,8.269722222222223,0.3641666666666667,13
prometheus/prometheus,2025-08-04,1.0,67.85305555555556,1.6244444444444444,30
tektoncd/pipeline,2025-08-04,0.0,89.82777777777778,2.0341666666666667,16
tektoncd/pipeline,2025-08-11,1.0,8.691666666666666,50.705,12
docker/cli,2025-08-11,1.0,8.446666666666667,0.7563888888888889,28
prometheus/prometheus,2025-08-11,1.0,8.49388888888889,3.153611111111111,17
docker/cli,2025-08-18,1.0,2.237222222222222,0.08124999999999999,77
prometheus/prometheus,2025-08-18,1.0,11.169166666666667,21.220416666666665,15
tektoncd/pipeline,2025-08-18,1.0,20.093611111111112,0.06777777777777778,11
docker/cli,2025-08-25,1.0,4.356111111111111,0.3159722222222222,41
tektoncd/pipeline,2025-08-25,1.0,143.6413888888889,518.7888888888889,9
prometheus/prometheus,2025-08-25,1.0,57.717638888888885,95.33194444444445,20
docker/cli,2025-09-01,1.0,0.8244444444444444,0.02638888888888889,27
tektoncd/pipeline,2025-09-01,1.0,4.5344444444444445,115.29138888888889,21
prometheus/prometheus,2025-09-01,1.0,16.892222222222223,33.73861111111111,39
docker/cli,2025-09-08,1.0,2.9056944444444444,0.35916666666666663,16
tektoncd/pipeline,2025-09-08,0.0,331.6116666666667,364.46555555555557,8
prometheus/prometheus,2025-09-08,0.0,23.517083333333332,86.72805555555556,18
tektoncd/pipeline,2025-09-15,1.0,164.7313888888889,333.06930555555556,6
prometheus/prometheus,2025-09-15,2.5,29.08138888888889,28.664166666666667,18
docker/cli,2025-09-15,1.0,60.04222222222222,0.9847222222222223,2
prometheus/prometheus,2025-09-22,1.0,3.2501388888888894,9.816944444444445,10
docker/cli,2025-09-22,1.0,2.133611111111111,0.04805555555555556,53
tektoncd/pipeline,2025-09-22,1.0,160.92111111111112,12.340277777777779,3
docker/cli,2025-09-29,1.0,12.966527777777777,0.0022222222222222222,19
tektoncd/pipeline,2025-09-29,1.0,206.1051388888889,180.82208333333335,11
prometheus/prometheus,2025-09-29,1.0,48.496249999999996,1.9143055555555555,39
prometheus/prometheus,2025-10-06,1.0,0.8180555555555555,1.2927777777777778,38
docker/cli,2025-10-06,1.0,6.294722222222222,0.008333333333333333,20
tektoncd/pipeline,2025-10-06,2.0,1.1447222222222222,5.764861111111111,11
prometheus/prometheus,2025-10-13,1.0,2.6747222222222224,11.537083333333333,29
tektoncd/pipeline,2025-10-13,1.5,19.403750000000002,121.05555555555554,8
docker/cli,2025-10-13,1.0,2.115277777777778,0.28694444444444445,12
docker/cli,2025-10-20,4.0,6.803472222222222,74.7925,7
prometheus/prometheus,2025-10-20,1.0,45.405277777777776,0.7926388888888889,23
tektoncd/pipeline,2025-10-20,1.0,14.555555555555555,14.49611111111111,12
tektoncd/pipeline,2025-10-27,1.0,7.9077777777777785,27.15972222222222,19
docker/cli,2025-10-27,1.0,0.6272222222222222,0.5416666666666666,25
prometheus/prometheus,2025-10-27,1.0,69.14361111111111,0.6425,55
prometheus/prometheus,2025-11-03,0.5,40.37083333333333,3.0479166666666666,36
docker/cli,2025-11-03,1.0,2.895,0.15194444444444444,32
tektoncd/pipeline,2025-11-03,1.5,13.801111111111112,33.80166666666667,8
prometheus/prometheus,2025-11-10,1.0,5.3509722222222225,1.0280555555555555,26
docker/cli,2025-11-10,1.0,0.5434722222222222,0.30444444444444446,11
tektoncd/pipeline,2025-11-10,1.0,6.900833333333333,181.3173611111111,10
prometheus/prometheus,2025-11-17,1.0,3.5912499999999996,0.3163888888888889,53
docker/cli,2025-11-17,1.0,0.5705555555555556,0.06027777777777778,5
tektoncd/pipeline,2025-11-17,1.0,63.36611111111111,0.30027777777777775,6
tektoncd/pipeline,2025-11-24,1.0,8.293472222222222,58.604166666666664,24
docker/cli,2025-11-24,1.0,4.430555555555555,0.016944444444444446,6
prometheus/prometheus,2025-11-24,1.0,5.328611111111111,1.29,18
prometheus/prometheus,2025-12-01,3.0,28.12638888888889,63.42111111111112,22
docker/cli,2025-12-01,1.0,0.6452777777777778,0.1461111111111111,5
tektoncd/pipeline,2025-12-01,1.0,1.6572222222222222,45.67111111111111,23
tektoncd/pipeline,2025-12-08,1.0,2.6461111111111113,12.934166666666666,13
prometheus/prometheus,2025-12-08,3.0,8.446805555555555,119.1625,23
docker/cli,2025-12-08,1.0,0.9788888888888889,0.002777777777777778,8
docker/cli,2025-12-15,1.0,0.6345833333333333,0.0175,11
tektoncd/pipeline,2025-12-15,1.0,1.9569444444444444,5.694444444444445,30
prometheus/prometheus,2025-12-15,1.0,2.7308333333333334,0.8713888888888889,30
tektoncd/pipeline,2025-12-22,1.0,15.41388888888889,195.5186111111111,5
docker/cli,2025-12-22,1.0,340.5801388888889,0.3819444444444445,7
prometheus/prometheus,2025-12-22,1.0,32.32819444444444,0.07055555555555555,18
docker/cli,2025-12-29,1.0,108.94833333333334,,1
prometheus/prometheus,2025-12-29,1.0,53.75277777777778,0.1720833333333333,30
tektoncd/pipeline,2025-12-29,1.0,93.80666666666667,59.42097222222222,7
prometheus/prometheus,2026-01-05,1.0,27.47972222222222,1.0308333333333333,35
tektoncd/pipeline,2026-01-05,0.5,23.48708333333333,0.02277777777777778,4
docker/cli,2026-01-05,1.0,175.67222222222222,0.5641666666666667,3
prometheus/prometheus,2026-01-12,1.0,2.509583333333333,0.6569444444444444,46
tektoncd/pipeline,2026-01-12,1.0,9.719722222222222,0.05611111111111111,7
docker/cli,2026-01-12,1.0,1.3131944444444446,0.2584722222222222,11
tektoncd/pipeline,2026-01-19,1.0,2.4047222222222224,0.06458333333333333,4
docker/cli,2026-01-19,0.0,96.53416666666666,0.002777777777777778,5
prometheus/prometheus,2026-01-19,1.0,1.8705555555555555,3.1405555555555558,39
prometheus/prometheus,2026-01-26,0.0,1.9675,,3
docker/cli,2026-01-26,1.0,0.08291666666666667,0.7945833333333333,6
tektoncd/pipeline,2026-01-26,0.0,,,4
